county_fips,mal_rate_increase_pct,covered_base_acres
01043,10.011439659666,19127.09
01049,10.0058262964281,73526.64
01083,10.0131088503083,327270.18
01089,10.0053461318679,330903.51
05021,10.0035346180612,1262030.67
06019,10.0263587685633,25693.89
06021,10.0314258094553,44310.97
06047,10.0147711442871,117226.7
06053,10.0007979024141,28423.15
08001,10.0516236357885,698190.462277
08005,10.0541433491157,223368.28135
08009,10.0301414237765,1111751.90972
08011,10.0343027919556,196885.26346
08013,10.0190738088915,29937.45
08017,10.0449801120152,1657199.07
08025,10.0102690843464,19038.64
08029,10.005620051115,23906.9
08039,10.0482721910319,91155.04407
08061,10.0512753216191,1615775.675
08063,10.0359859263459,3183409.2
08067,10.0440953306367,28455.7
08069,10.0119662439066,62181.40287
08071,10.0517069531605,19650.92
08073,10.0469124284269,829249.161718
08075,10.0250665459287,1030032.21
08077,10.0173155961809,9089.02
08081,10.0536509482871,23300.96
08083,10.0541859948409,104868.07
08085,10.0035934615183,19309.07
08087,10.0188272340597,895015.59
08089,10.0072833167388,125342.4
08095,10.0266763438321,1862618.42
08099,10.0368485489712,940300.772659
08105,10.0282761627907,26316
08107,10.0487947094875,19669.401356
08115,10.0329739147616,828813.97
08121,10.0416907567818,1773816.38405
08123,10.0309913964646,1129476.9641
08125,10.0158834341871,1998048.93626
10001,10.0037395827838,894257.426006
10003,10.0016349002155,269035.600707
10005,10.0046586142021,1443739.772
13033,9.96302985810771,80143.324
13069,9.96694766973995,111031.17
13147,10.0358900199936,19656.3
13163,10.0173278378349,203464.71
13167,10.0150913076584,17362.18
13193,10.0188150976824,124581.24
13211,10.0395146832107,9651.84
13219,10.0401363595225,5966.58
13261,10.0103829170688,190077.45
13297,10.0437887080644,11548.95
13301,10.022108325335,6907.71
13303,10.0204469227435,59475.38
16005,10.0389247156714,101416.99
16007,10.0397830081347,42303.89
16009,10.1138267622165,221943.5
16011,10.0504502914609,181279.92
16019,10.0339883730386,296598.56
16025,10.0176171542921,43840.69
16029,10.0161293212382,213163.44
16031,10.0416145584219,305583.12
16035,10.1526390174604,71285.47
16039,10.0290443375446,53684.75
16041,10.0332044646891,262778.43
16049,10.1955463833714,419128.33
16051,10.0272126752224,112959.28
16055,10.3192403988582,179713
16057,10.9146613440685,622858.72
16061,10.6239817449827,495889.97
16063,10.0107906276455,20483.22
16069,11.0040467965022,578587.26
16071,10.0436615118131,200987.28
16073,10.0191191744767,11572.78
16075,10.0161533781822,13018.54
16083,10.253342221786,116150.7
17027,10.0057286381297,1122721.92
17047,10.0075683082645,432414.5325
17051,10.0039972623905,1027407.31
17059,10.0044873720824,1317547.24357
17065,10.0088648449342,786967.37193
17075,10.000251451807,5548045.23592001
17079,10.0035620509941,1033350.1702
17081,10.0075860297555,635320.880000001
17085,10.0002513838314,556735.09
17087,10.0061927576364,112390.31276
17097,10.0071972812892,64089.2
17127,10.0024742263845,471733.39
17133,10.0065079545354,1310220.322133
17145,10.0086672376567,597931.5502
17151,10.005541203707,102656.54
17153,10.0058853460032,233980.33
17157,10.0107090273585,855815.475635
17163,10.0064139882899,963873.930000001
17173,10.0017015548879,2188952.456775
17177,10.0004145093182,1178269.29
17189,10.010740422277,1278813.09
17191,10.0038386371567,2311046.04
17193,10.0036146597328,1922475.06366
17201,10.0010381868049,687355.49
18015,10.0012626545863,645459.66
18023,10.0007223332719,873538.33
18029,10.0028424026184,72024.42
18031,10.0021923810856,611311.24
18037,10.0039981037726,409655.5
18061,10.0070791518705,221459.58
18071,10.0011726454382,1222586.43
18077,10.0026452989026,241931.45031
18091,10.0013400768754,1610826.37877
18093,10.0045754654758,173599.78
18123,10.0048447828417,99885.22
18145,10.0010182711336,1640111.7
18147,10.0021821835292,1077957.82
18155,10.0013064030718,61554.05
18173,10.0042055108131,348670.51
18175,10.0030591660259,380452.12
19005,10.0000237071954,574129.48914
19011,10.0000270364484,1630576.5968
19043,10.0000255051284,963359.19457
19051,10.0017369665756,375219.31
19055,10.0000352182524,1123394.75283
19061,10.0000702545441,812488.37
19065,10.0000113144781,2541434.06
19089,10.0000134676557,1003515.41
19093,10.0000144831061,1027818.2
19119,10.000009665,2349094.67
19131,10.0000254977416,1030091.23
19141,10,1458665.73
19157,10.0000357782471,1121323.8
19167,10.0000131415728,3683577.3557
19179,10.0003282803159,448076.82
19191,10.0000319069112,1038677.79
20001,10.0119467066908,416321.68
20003,10.0046986220034,1005167.94
20007,10.0550195789756,961608.02
20009,10.0321904753575,1552396.151696
20011,10.0178984244994,208644.8
20015,10.015976721003,559761.23
20019,10.02574386316,70098.78
20021,10.0088353665637,1469199.79
20023,10.0414906827626,1524763.12
20025,10.0468725444641,743987.3
20027,10.0260586555729,1642085.06
20029,10.0299471640537,2166784.32
20031,10.0068222872037,818300.95
20033,10.0453239828929,319165
20035,10.038106549875,1416075.43
20037,10.0171503701208,643680.47
20039,10.0310382429293,1805651.69
20041,10.0322346312503,1527334.23
20047,10.0187449341552,1230853.43
20053,10.0432644731595,502197.880000001
20055,10.0281464053531,2071895.28
20057,10.0339694486905,1563586.14144
20059,10.003920404424,847759.68
20063,10.0252893858261,1547285.18
20065,10.032049683218,1399842.9
20067,10.0278995654173,1864103.33
20069,10.0238783630927,2325164.84
20071,10.041559910931,1449159.92
20073,10.0135204663799,149695.99
20075,10.0325963192067,1002413.26
20077,10.0576650787315,1985074.77
20079,10.0281387149574,1771690.7
20081,10.0223171333986,1789989.52
20083,10.0381907732954,818652.63
20085,10.0051431428434,541105.99
20089,10.0212305936997,1715926.63
20093,10.0288798041056,1446913.98
20095,10.0416804594117,1177516.39
20097,10.0301128467799,1051582.51
20099,10.0194651045674,557432.398419
20101,10.0441385434898,799303.96
20103,10.0026037660018,367550.54
20105,10.0381138449689,735069.11
20107,10.0149752346764,283582
20109,10.0342407432421,1719677.68
20111,10.0126925212623,487517.97
20113,10.0380624957576,2444504.17
20115,10.0317773076778,1649067.54
20117,10.0066459575063,2323289.11
20119,10.0266591548287,1861989.94
20123,10.0389518418123,2048238.83
20125,10.0121932187796,646675.34
20127,10.0200106264525,347877.15
20129,10.0306749837276,1192490.97
20131,10.0021479380957,1841720.07
20133,10.0134690967039,433579.64
20135,10.0426001835582,925450.51
20137,10.0272755107594,1612395.65
20141,10.0257621076198,896452
20143,10.0411844580784,1555063.31
20145,10.0306352401723,1586350.87
20147,10.0239894424125,1027715.85
20149,10.0028563844872,637570.47
20151,10.0356969006875,2216586.42
20153,10.0457623553273,1955434.03
20155,10.0361090447119,2630283.99
20159,10.0323828830921,1911846.71
20161,10.0111731173026,452942.94
20163,10.0497075132555,1335776.09
20165,10.0396366617613,700444.58
20167,10.0383396021188,403621.51
20169,10.0445850093905,1553700.94
20171,10.0431819321375,1225795.91
20173,10.0338630996807,1895731.975772
20175,10.0218729392512,1402845.66
20179,10.0202777479491,2339007.01
20181,10.0401055092664,2115083.42
20183,10.0209898539316,1243465.89
20185,10.0320578132762,1981439.69
20187,10.0286708395803,1818628.56
20189,10.0189796377162,2238031.86
20191,10.0511153877176,4172264.43
20193,10.0330397111909,3297173.34
20195,10.0372489220229,649552.29
20197,10.0031993756672,426490.46
20199,10.0486060491755,1021664.52
20201,10.010924501243,1950584.83
20203,10.0327689523436,1641775.06
20205,10.0119835709481,818215.2
20207,10.0168068919546,281751.13
21003,10.0130070860412,69408.2900000001
21007,10.0105680586653,368306.15
21009,10.0077215800619,85390.5800000001
21027,10.0062817174069,213080.55
21033,10.0104048625487,262119.33
21035,10.004753867195,777088.2207
21039,10.008512543778,278033.46
21047,10.0102828531214,1194532.69
21055,10.0078966462323,131822.19
21061,10.0066229093744,44285.19
21083,10.0050367427316,1349306.32
21085,10.0056520153225,135267.68
21093,10.0029872429724,368832
21105,10.0062918231228,822970.29
21123,10.0047948836931,147274.98
21139,10.006734192236,152902.08
21141,10.0103712484728,1100398.87
21143,10.0100015411498,69104.25
21163,10.0114187425068,131219.16
21171,10.0067608117951,33882.44
21179,10.0091128509347,125692.18
21185,10.0057776008326,31899.4
21211,10.0065493188434,155230.83
21213,10.015668933824,509792.58
21215,10.0052067399387,43051.43
21217,10.0082748376392,70141.63
21219,10.014388280531,544142.4
21221,10.013892023892,214189.05
21223,10.0139682879794,21934.9
21227,10.0132875150391,309941.7
21229,10.0064364525257,35836.2
21233,10.0029114109415,387740.66
23003,10.0028270467133,60420.65
23021,10,5723
24009,10.0125685616484,20649.117
24011,10.0039946392562,812775.27
24013,10.004836515628,172870.071
24015,10.0066327490563,184915.936
24019,10.0085301910812,669572.41
24021,10.0061218757152,148772.05
24023,10,13440.05
24025,10.0032920983639,104824.89569
24029,10.0060864148253,924254.14
24035,10.0066434692409,1093994.95
24037,10.0064910558056,87266.1932
24039,10.0111451295647,147916.45
24041,10.0040171588964,667722.43
24043,10.0075655836718,115236
24045,10.0055476816187,427259.09
24047,10.0029358338015,580080.18
26001,10.0096612544161,24795.6
26005,10.0017910415584,692989.95
26007,10.0108797897364,70372.61
26009,10.0046877040727,11209.24
26011,10.0061665564125,152148.45
26013,10,2107.7
26015,10.0027792143525,504668.81
26017,10.0011031302531,780880.95
26023,10.0014999096973,1251124.92
26025,10.0024799422661,1156838.06
26027,10.0009897927856,968483.62
26029,10.0015235724936,12978.05
26031,10.0058249552828,10538.45
26033,10.0163408804606,16543.16
26037,10.0037163307953,1020733.57
26041,10.0024175835721,15229.67
26043,10,6310.32
26045,10.0056384063449,716800.52
26047,10.0017896074366,6728.85
26049,10.0048565942347,288499.21
26051,10.0051386433822,50117.43
26055,10.0073204475759,35253.91
26057,10.002254394047,1223582.72
26059,10.002274973829,1112243.74
26061,10,4890.6
26063,10.0062933919413,1766575.72
26065,10.0054140346551,573317.83
26067,10.0028214543433,955372.61
26069,10.0051087572429,52520.64
26073,10.0038445808658,604110.43
26075,10.0023070702096,773288.82
26077,10.0017249925826,732066.8
26081,10.0027962804268,308884.9
26087,10.005564209187,285963.44
26089,10.0047312993916,14571.05
26091,10.0037510504546,1853054.84
26093,10.0071493024057,168987.9
26095,10,1223.3
26097,10.0039402392322,5287.75
26107,10.0022981235519,124279.48
26109,10.0000734535622,78163.67
26115,10.0051057465845,1018557.72
26117,10.0072111928018,576222.48
26119,10.0070552848905,16997.23
26121,10.0017364519187,113148.31
26123,10.0022824468908,95062.19
26129,10.0031878070308,89154.33
26131,10.0006623777076,1313.45
26133,10.0035227727366,40216.73
26137,10.0139588490579,5481.77
26141,10.0092926009023,49313.04
26145,10.002706137158,1209889.34
26147,10.0066752709572,313773.69
26149,10.00104720851,1124441.97
26151,10.0072516171952,819407.87
26155,10.0051832366607,970014.130000001
26157,10.0044603111124,1058287.03
26159,10.0007469164708,400817.51
26161,10.0037723870348,677040.87
27001,10.0183636439171,22145.18
27005,10.0111465591192,1503050.45
27007,10.0241258994138,138516.61
27009,10.0001020874351,779290.810000001
27011,10.0024906136375,1791447.43
27013,10.000122905358,3218588.73
27015,10.0002204634671,2602208.01
27019,10.0009365435252,395514.5725
27021,10.0000968683732,71013.89
27023,10.0011055130084,1216693.96
27025,10.0001863529388,191700.76
27027,10.0099327570438,3134563.26
27029,10.0153858276763,117679.22
27033,10.0001273525467,3104088.69
27035,10.0001431282266,110593.14
27037,10.0005868138966,1179481.27
27039,10.0001676651216,937515.2
27041,10.0019791813821,1098689.65
27043,10.0000920811152,1795097.72
27045,10.0001331990117,1260874.22
27047,10.0000600630202,3078566.47
27049,10.0001326295249,2124305.28
27051,10.0027876819749,2112243.13
27055,10.0003875451795,330987.99
27057,10.0024769962901,93633.81
27059,10.0001550333303,426334.13
27065,10.0004878209694,98826.01
27067,10.0007315231774,2489415.04
27069,10.0299381450698,1399967.63
27071,10.0220939769915,22016.24
27073,10.0009402128152,3218721.2395
27077,10.0252284102752,158700.61
27081,10.002791068196,989491.48
27083,10.0007652985691,1536419.18
27085,10.0010287325967,912867.545
27087,10.0097583124892,652756.94
27089,10.0321154963877,2613331.95
27093,10.0007095990342,1958984.4108
27095,10.0002154501945,166507.16
27097,10.0001536698552,1105937.79
27099,10.0000902265757,3278127.29
27101,10.0002576568372,1644440.74
27103,10.0004211503429,950382.7
27105,10.0010705151727,1842013.5
27107,10.0151423711461,1707195.29
27109,10.0001779215739,800843.86
27111,10.0030156654497,996132.91
27112,10.0076674216436,1966311.78
27113,10.0261171346405,986843
27115,10.000557311754,117162.79
27117,10.0002531232292,1590619.72
27119,10.0227631643606,1467009.91
27120,10.0345059483493,4590016.24
27121,10.0015449908542,1769124
27125,10.0246903789893,688128.85
27127,10.0004344641392,2097681.99
27129,10.0008802702974,2175180.63
27131,10.0004370015142,1155162.13
27133,10.0000434283379,1878266.68
27135,10.0268272427605,1327451.23
27137,10.0088127592547,1974.41
27139,10.0009820302338,290990.43
27143,10.0006150834442,1234799.94
27145,10.0004565320794,2504892.54
27147,10.0003506214112,871384.32
27149,10.0014925305099,2378912.04
27151,10.0012564301861,3061353.86
27153,10.0008246243195,1026640.35
27155,10.003991159621,1353598.08
27157,10.0001385843373,997710.15
27159,10.0003388069689,268355.46
27161,10.000438420353,941096.82
27163,10.0004844578819,238524.76
27165,10.0000594057372,2211099.57
27167,10.0083885847661,2759872.32
27169,10.0003053703283,506119.9
27171,10.0003799040994,1245048.95
27173,10.0010709185031,2711338.53
28103,10.0021161034537,484700.31
29007,10.0048804097134,2010765.73
29011,10.0193933330704,1314149.76
29013,10.0092222251161,1562684.3
29017,10.0072279306275,376690.14
29025,10.0131415032955,325797.43
29027,10.0092138785373,674780.33
29031,10.0098418404828,847250.31
29037,10.0046387906245,591960.41
29039,10.0263758254145,47088.46
29051,10.0082409798758,43137.71
29053,10.0113310206644,355822.65
29071,10.0042781959344,158076.07
29073,10.010883436572,79538.2459
29075,10.006297343816,387115.5
29077,10.0258867892773,19488.79
29097,10.0137738570707,503107.66
29099,10.0062908834245,36227.09
29103,10.0058689716116,411878.53
29109,10.0161621171635,80723.1
29125,10.0139530168888,11601.19
29135,10.0198035074031,114323.9
29139,10.0065053368443,1046106.03
29145,10.0274655485376,29451.58
29147,10.0017048948588,1064646.65
29151,10.0030868553292,136665.88
29157,10.0070121699078,457277.91
29159,10.0043317843159,739944.32
29163,10.0055064999549,871652.2
29185,10.0169033399658,149547.64
29193,10.0098933022391,144172.66
29217,10.016995755499,1055888.56
29219,10.0047310797241,311548.84
30003,10.07345470261,327515.89
30005,10.0864230490429,1503344.85
30007,10.0432905956832,101781.45
30009,10.0313679403431,53031.26
30011,10.2742086939196,236090.06
30013,10.0690345437401,923740.45
30015,10.0676670156337,4986230.67
30017,10.0454373277571,131830.53
30019,10.776882808078,1002187.25
30021,10.1672379252221,1362017.18
30025,10.4028677435902,291378.77
30027,10.080666318459,339835.55
30029,10.2720438364105,27880.02
30031,10.1151402312427,195236.45
30033,10.0982265935485,497463.06
30035,10.2051284512099,695266.32
30037,10.0664689524133,85533.54
30041,10.1477499734395,1441898.09
30045,10.0693518380753,251770.42
30049,10.0342585082241,69116.95
30051,10.1674697708815,2034971.68
30055,10.3011196149458,1507210.23
30057,10.0695599628729,31416.44
30063,10.0330974488958,9807.91
30065,10.0434182175062,193739.69
30067,10.035978575197,88366.74
30071,10.1329172865503,1570052.76
30073,10.1767543820038,1335579.05
30079,10.1619864472718,326077.52
30083,10.1194910094469,1350073.78
30085,10.2377404546682,2346387.8
30087,10.045052627413,340602.91
30091,10.4049943864945,1474195.12485
30095,10.0385208162226,148347.76
30097,10.0250821299978,10906.49
30099,10.0434492495621,2374862.17
30101,10.1114526066741,736477.96
30103,10.0399244101527,77497.18
30105,10.3760040433867,2770855.41
30107,10.0450699572451,158992.11
30109,10.5223962198478,321061.15
30111,10.0806457575641,431691.73
31003,10.0000291400958,2504672.62
31007,10.0906348128227,337476.8
31013,10.080987382792,1025172.92
31015,10.0017191889464,529677.44
31019,10.0018022088551,2557254.22
31027,10.0000315695019,2410757.07
31031,10.0020503328151,133856.61
31033,10.2156853690299,614366.03
31037,10.0001121041828,1693719.14
31041,10.0023412100085,2326934.44
31043,10.0000424166753,985353.04
31049,10.0537705383963,531388.86
31051,10.000025947897,1736950.01
31057,10.0105900458436,1226621.47
31063,10.0159746019762,1523197.25
31065,10.0191180362831,1857918.72
31083,10.010470184603,1502748.06
31085,10.0169550768293,1061802.39
31087,10.0272817607672,1356138.84
31093,10.0007168810166,1110038.6
31101,10.0185339983874,1237555.46
31105,10.045570048495,545790.67
31107,10.0002835548696,2117886.3932
31111,10.0051765948867,1934819.4926
31135,10.0306186164491,2052967.5662
31145,10.0209022532952,1765298.18
31155,10.0003875863821,2709949.7
31157,10.00507441171,445585.11
31161,10.0251259371486,416853.57
31163,10.0022759552939,908703.35
31165,10.0233403209794,81066.88
31167,10.0000649952463,1423996.45
34005,10.0027168035648,138241.5
34011,10.0051964776668,101326.02
34015,10.009091096789,44558.98
34019,10.0078435803844,43744.13
34021,10.005871988302,21418.98
34023,10.0041006029008,16632.92
34025,10.0058601977872,25252.39
34029,10.0080440676507,3485.55
34033,10.0026907465016,330009.46
34041,10.0021961251162,88738.66
35009,10.0331920740992,1221970.38
35013,10.0057217568558,25794.49
35037,10.0352589893015,281629.78
35041,10.0228231695601,306910.79
36003,10.0007455439368,65353.09
36009,10.000396772636,104319.19
36011,10.0052080848842,337040.82
36013,10.0004444720631,47793.78
36015,10.0001191180144,23422.15
36017,10,49135.7
36023,10.0000598968885,42152.44
36029,10.0032344813141,92189.99
36033,10,59362.05
36037,10.0076281899566,325380.99
36043,10,53877.11
36045,10.0010340628891,168426.7
36049,10,60618.4
36051,10.0085734984399,354805.15
36053,10.0014232710504,93594.4
36055,10.0132589954592,201830.72
36057,10.00013044312,76815.09
36063,10.0079521620801,260900.14
36065,10.0023895404968,121187.4
36067,10.0045289215968,209946.05
36069,10.0078880727917,318827.75
36073,10.0071372478369,336367.05
36075,10.0013267258783,28501.14
36077,10.0001898475023,55023.11
36089,10,86330.2
36095,10.0001088029764,34576.26
36097,10.0053415293175,12046.55
36099,10.0076770510428,199206.96
36101,10.0026996366967,96175.83
36107,10.0002109288521,50775.415
36109,10.0039978543667,50483.93
36115,10.0000492069444,131725.31
36117,10.0044722944596,171825.56
36121,10.0024779994662,185231.5169
36123,10.0102787330492,21660.51
37001,10.0159638959588,20136.25
37007,10.0104018978851,60454.66
37013,10.0082830633707,873445.05
37025,10.0114609129561,26212.65
37033,10.0270770420661,22729.92
37035,10.006091951076,27302.78
37037,10.003066689374,20962.41
37039,10.0028722171791,3987.86
37045,10.0087534804344,51951.13
37049,10.0071320167931,141217.11
37051,10.0059313542609,165407.79
37057,10.0037880950715,31734.42
37061,10.0050493555579,571595.2
37067,10.0067561252376,15192.88
37069,10.0222846867235,101099.2
37071,10.012658455678,13167.72
37073,9.99499922153702,88571.97
37077,10.0231148499723,34163.7
37079,10.0045347760233,212902.29
37081,10.0099754690147,52615.09
37083,9.98275005782608,128229.34
37085,10.0044818894909,90137.72
37093,10.0130095295002,32099.27
37097,10.0026158925348,91092.5800000001
37101,10.0053284174787,247905.35
37105,10.007084370231,15169.45
37107,10.0094702949507,250379.15
37109,10.0121907360761,34300.8
37123,10.0080165035333,7974.05
37125,10.0148653322139,16973.25
37127,10.0058282285178,151153.03
37131,9.97983525080501,113929.54
37135,10.0196526693428,33186.82
37139,10.0112836844981,323608.8
37145,10.0216034350818,46860.02
37147,10.0068837103994,315220.19
37153,10.0238834561386,18841.49
37155,10.0068333692395,1277634.15
37157,10.0308952325872,31261.82
37159,10.0083617748915,67098.41
37163,10.0054712772659,539935.02
37167,10.0111321548601,63100.29
37171,10.007318790699,49393.16
37179,10.0179850745159,389888.86
37181,10.0249232453575,27785.29
37183,10.0114643616864,54747.54
37185,10.0197723168448,60889.88
37191,10.0082776474265,430200.71
37193,10.0027027305242,19040.3
37195,10.0038288892961,383201.86
37197,10.0085736306652,41481.3005
38001,10.1609076172566,919521.08
38003,10.0184954469875,3195451.38
38005,10.0379905133078,3181387.08
38007,10.1049499661423,281679.26
38009,10.2882170449314,3091262.42
38011,10.3353347070821,805571.84
38013,10.6561227022459,1405352.76
38015,10.1816148140981,1591585.25
38017,10.0043725352629,7757693.64
38019,10.0584619290649,3240371.29
38021,10.0053311754175,3341764.64
38023,10.4264677898985,2242685.11
38025,10.052379695149,1031086.02
38027,10.102888147301,865937.62
38029,10.0459961790008,2584910.24
38031,10.0116857022262,2129533.76
38033,10.6838930198842,645278.98
38035,10.0291317196919,4607099.07
38037,10.0971705915003,1642918.9
38039,10.0167849684731,1830515.3
38041,10.0842621030686,1732452.59
38043,10.0846856523317,1922450.08
38045,10.0050084286084,4002956.17
38047,10.045121587928,1116908.58
38049,10.0872751952829,2256598.89
38051,10.041455493296,1323740.69
38053,10.2603822956735,1405874.66
38055,10.4832756959243,2935694.07
38057,10.2028847178076,802892.26
38059,10.0832026825916,1679094.18
38061,10.8777693527978,1700125.37
38063,10.0643997463572,1541790.06
38065,10.1991047995842,640349.01
38067,10.0484889278531,1904952.59
38069,10.1044560793763,1677680.64
38071,10.0382029275629,2301345.63
38073,10.0077352737228,2483853.99
38075,10.428264490114,1828715.08
38077,10.0035296391171,5192457.13
38079,10.1459004055506,1177732.3
38081,10.003437448122,2972899.15
38083,10.0718506627951,988869.72
38085,10.0404578253095,472612.36
38087,10.3565044080287,804330.06
38089,10.0665787474269,1522339.9
38091,10.0098071657562,2524397.07
38093,10.0140856211182,6297318.83
38095,10.1138588120651,1797327.23
38097,10.0118490185896,1845835.85
38099,10.040896281079,2044277.34
38101,10.3885708096833,3273243.49
38103,10.0487758678179,2416801.75
38105,10.3037801718348,3388492.55
39005,10.0049752541576,290634.68
39007,10.0035072927561,170078.36
39017,10.0039773203795,224495.82
39019,10.003739627966,76109.71
39029,10.0061218266075,195171.65
39031,10.0017410537607,172604.09
39043,10.0041530679764,318382.99
39045,10.0046076127013,540986.42
39067,10.0025208331858,22588.96
39075,10.0030198856073,117944.6
39077,10.0058263017288,794009.6506
39081,10.002822319829,14764.45
39083,10.0034916604106,401754.19
39093,10.0056155802923,343897.015
39099,10.006276924891,133656.53
39103,10.0056660568111,178954.93
39105,10.0031346903888,25972.9
39115,10.0033138521375,19360.55
39117,10.0046034244398,517804.784500001
39119,10.0029819428914,112866.5418
39133,10.0060095874861,118078.92
39135,10.0029695659302,676899.94
39143,10.0036543155197,713335.64
39147,10.0043201097998,1435631.15
39151,10.0050154556169,192751.7685
39155,10.0039999250135,167496.89
39157,10.0028332083293,135075.63
39159,10.0040573442454,1013700.503955
39167,10.0026719437684,52915.41
39169,10.00428722161,441211.6387
40003,10.0589984719729,1066191.83
40007,10.0441967533167,1161675.1648
40011,10.0590690863093,1490935.44399
40015,10.0402424108222,645923.450909
40017,10.0582217264706,709329.29
40025,10.0283847506407,1302159.44017
40031,10.0575963765229,227546.08
40033,10.0590890635304,391479.990000001
40035,10.0304769274335,92697.75
40039,10.0584874837188,559857.709
40043,10.0595807567343,1052588.6427
40045,10.0568450644751,933054.25
40047,10.0587650101333,1388695.523972
40051,10.0544694182446,306616.8217
40053,10.0579464372567,1660573.97596
40055,10.0577118852511,736004.39
40059,10.0587154732233,773624.2
40065,10.0593279157144,1400422.12
40071,10.0539293028247,1542534.33
40073,10.0592132266003,1035231.745593
40075,10.0547316479129,560016.14
40083,10.0585445363142,186195.92
40093,10.0574701399067,1088882.23
40103,10.0548002529877,318956.21
40113,10.0449214720517,81591.97
40129,10.0551008941724,356632.34506
40139,10.0326842437271,2017720.39
40141,10.0549232934492,881286.91209
40149,10.0501133000406,1062496.53
40151,10.0596583460711,512028.65
40153,10.0591681716114,831935.300000001
41001,10.043992212868,24317.04
41013,10.0552154581896,3153.28
41021,10.0739982967554,466756.2
41025,10.0071366248236,27105.25
41031,10.0550453322312,63197.86
41035,10.025468637993,48364.73
41037,10.0257673212155,45761.8
41045,10.1081531193049,102670.79
41049,10.0588040996674,1581364.39
41053,10.0513266665598,23703.62
41055,10.0557429989359,850686.75
41059,10.1562608623575,5637809.28
41061,10.068484657597,554522
41063,10.045555263439,158118.01
41065,10.0583167998459,386556.88
41067,10.0841896691297,36206.63
41071,10.053937901272,48603.25
42001,10.009912724248,127103.001
42005,10.0035765816306,44777.84
42007,10.0049775631939,14455.266
42009,10.0014806521212,86839.66852
42011,10.0059649459635,187195.56
42013,10.0005787290856,82305.8892
42015,10.000036580019,69710.188
42017,10.0053012755776,66304.08
42019,10.0044771731629,83031.937
42021,10.0053556702967,71871.9
42025,10.0083823630254,18812.07
42027,10.0039034191914,114674.832
42029,10.0043687553218,94704.64
42031,10.0039285144159,23115.15
42033,10.001180023353,15632.233
42037,10.0055612361834,122341.72
42039,10.002041672987,136529.21
42041,10.0051149555893,143721.28703
42043,10.0048503254089,103121.302102
42049,10.0030557257229,62407.940546
42051,10.0023174999083,42546.28
42055,10.0026900934431,186029.651447
42057,10.0037586525666,41593.15
42061,10.0020310621367,93907.0236
42063,10.0018878452135,85812.1200000001
42065,10.0026600460852,19108.09
42067,10.003285331164,69855.32421
42071,10.0020877090209,216163.17
42073,10.0035097709183,76507.2155
42075,10.0037775752749,64295.37
42077,10.0072910403258,103564.48
42079,10.0068635552358,41186.41
42081,10.0012546949563,41946.61
42085,10.0030100234436,166066.68
42087,10.0021147943367,48553.3412
42089,10.0070647337222,25439.6
42091,10.0064578866144,22296.83
42093,10.0034668305221,48904.9
42095,10.0061963508325,126984.03
42097,10.0039038326627,169371.51362
42099,10.0069099938844,95369.023022
42105,10.0012585685551,15014.2
42107,10.0062143885252,101816.55
42109,10.0025873915128,61352.2535
42111,10.000566820193,57937.95
42117,10.0003386040045,39072.19
42119,10.0030683871949,46649.5885
42121,10.0019134742832,16054.88
42125,10.0052863039277,7326.48
42129,10.0038897439127,78197.95
42133,10.0070931217282,395211.63
45007,10.0254838563203,27898.7231
45009,9.98252092274689,146546.625935
45023,10.0198513302596,12551.31
45025,10.013714329641,73629.06
45027,10.0056353422574,595919.83
45029,9.99818597370704,119293.53
45031,10.0092878649511,579043.4
45041,10.0036333557,375156.03
45061,10.0117847089456,485162.75
45069,10.0052423758346,265337.405
45071,10.0163461407909,52292.71
45075,10.0034653294343,615876.02
45083,10.0107302286182,10447.55
45085,10.0094878569973,516540.69
46003,10.0062793990676,809214.44
46005,10.0038454441645,3177838.73
46007,10.1159388241216,348473.95
46009,10.000887214301,1606970.49
46011,10.0010109571941,2594224.38
46013,10.001372817773,5655961.23
46015,10.0065100992168,1529217.6
46017,10.0102398059921,464772.79
46019,10.0384512159429,191539.42
46021,10.0211314363563,1205681.78
46023,10.0079809005196,2734304.75
46025,10.0040604741226,2508454.75
46029,10.0046527664594,1801826.37
46031,10.0343374090617,882531.01
46033,10.0351538049414,26242.98
46035,10.0021348939743,1005119.47
46037,10.0053713626285,2474137.89
46039,10.0031137337338,1612135.15
46041,10.0366706327805,534402.21
46043,10.002667490786,1212421.47
46045,10.0103723637367,1613464.58
46047,10.0328033397409,64153.48
46049,10.0126010243612,1296011.66
46051,10.0036581347258,1689280.73
46053,10.0054096702514,993784.51
46055,10.0438996318136,627945.59
46057,10.001287874413,1706693.12
46059,10.0094932335429,2809817.58
46061,10.0015092968386,655502.4
46063,10.1217473039708,392217.56
46065,10.0537066604883,1187535.01
46067,10.0007354041257,2758781.64
46069,10.022996927069,721119.35
46071,10.0485675708916,242055.19
46073,10.0052464122216,836829.84
46075,10.0582572456939,526668.33
46077,10.0018565967729,2740074.46
46079,10.0005265297069,2222844.95
46083,10.0000399353344,2220154.19
46085,10.0448524306195,1287935.88
46087,10.0003270930844,830261.21
46089,10.0272298698154,996103.510000001
46091,10.00247703859,1640234.64
46093,10.0540267661806,243101.55
46095,10.0347746884599,226146.65
46097,10.0024231525726,714901.290000001
46099,10.0001101234766,2720248.3
46101,10.0003016307137,2052266.47
46103,10.0445067241756,231899.06
46105,10.0954358070252,831839.39
46107,10.0344279593236,1893942.24
46109,10.0030037046686,3011546.04
46111,10.0030771772035,635388.92
46113,10.0448235339204,73584.68
46115,10.002937947997,5444824.08
46117,10.0461603220358,753717.35
46119,10.0258406888173,2267473.72
46121,10.0095535405486,226886.45
46123,10.0350329401271,1554625.15
46125,10.0003127487644,2323571.77
46127,10.0000513924037,2046734.39
46129,10.0797054821001,1336699.06
46135,10.000196190412,1424650.66
46137,10.131373020721,448081.73
47003,10.0131671725246,84206.78
47031,10.0059091616294,156120.81
47079,10.0069415354697,612611.78
47099,10.0078888517081,126371.8925
47107,10.0149590887906,48599.15
47117,10.0119624585008,38594.09
47119,10.0113735894354,85935.6675
47123,10.0136071989917,36932.95
47125,10.0145135975187,151535
47131,10.0063187739712,1667319.38
47137,10.0019190076614,6578.4
47139,10.0192643160104,28044.65
47147,10.0183885062471,390294.241775
47153,10.014428739268,11065
47165,10.0143689120823,95766.5300000001
47169,10.0146455479907,5647.45
48011,10.0458252625582,368192.64
48017,10.0152449295736,540943.66
48049,10.0390675522409,110221.51
48059,10.0565103388576,144792.11
48069,10.030168410339,1323033.38
48083,10.0439723158992,270079.93
48095,10.0471574097616,387718.14
48099,10.0260194152052,162486.05
48101,10.0409382794007,108067.81
48107,10.0310009899372,148171.02
48111,10.0264091252323,665240.27
48117,10.0317533493145,2253763.45
48119,10.0317997757806,87155.69
48139,10.0260096905954,373174.670763
48151,10.0499884336713,175777.47
48153,10.0392812629743,578274.9339
48171,10.0237616847617,41744.54
48179,10.0367482884877,525587.8
48189,10.0132029960329,542071.48
48193,10.0235221475993,69525.82
48195,10.0395248039738,1117497.35
48207,10.0283036810791,604444.77
48229,10.0116880337792,6794.71
48233,10.0427217491399,242439.61
48253,10.0501126520532,253334.93
48259,10.0063657327547,2753.65
48279,10.0184132067683,451402.7986
48295,10.0454285143516,256946.12
48307,10.0492977506248,202552.69
48341,10.0294543538723,775057.64
48345,10.0233931841918,33464.85
48359,10.0454367421485,306837.8
48369,10.0207791833078,1034795.91
48371,10.0352313815313,6688.52
48381,10.0437209066823,783614.4104
48399,10.0499182088141,536797.45
48421,10.0337636888008,972319.47
48433,10.0521767205082,144874.64
48437,10.038781351789,740514.36
48441,10.0535872300849,282283.047915
48447,10.058678660513,211063.09374
48451,10.0263267533439,299793.29
48485,9.92883886427777,299812.949800001
48487,10.0551637960789,613751.446144
48503,10.0593154656673,291693.18535
49003,10.049634732054,931323.440000001
49005,10.030610365952,59591.9102
49039,10.0036118129479,22452.99
50001,10.00035469507,126032.2
50013,10,14079
51001,10.0043928353585,204209.52
51007,10.0050156760009,52149.78
51011,10.0175967363771,10824.78
51015,10.005476643424,51514.4
51025,10.0182758592623,54058
51031,10.0111914402962,23147.53
51033,10.0041823607074,289595.06
51036,10.0115977369706,105630.09
51037,10.0164785459113,20666.69
51043,10.0045164118484,16766.85
51047,10.0070279840113,93836.44
51053,10.0084298870656,75874.16
51057,10.0084073500449,196811.86
51061,10.0036625077219,66531.3
51069,10.0068410769282,12078.8
51073,10.0025101600818,39684.72
51075,10.0073880049553,29689.26
51079,10.0059496496421,6760.23
51081,9.98649280955069,37911.4
51083,10.0217730261507,20919.15
51085,10.0053479468266,198548.01
51087,10.0189243523724,32035.77
51093,9.99639682388454,123223.48
51095,10.0029355717714,5970.83
51097,10.0080386006771,139443.15
51101,10.0046415208858,241404.58
51103,10.006761870627,61018.47
51107,10.0097787191946,19044.58
51109,10.0072842207838,23849.03
51111,10.0140317497164,16714.48
51113,10.0036349528141,58689.18
51117,10.0169699056445,30843.99
51119,10.0082531509861,57531.99
51127,10.0097476688613,40094.14
51133,10.0064663264629,133420.05
51135,10.0054609217609,16946.26
51137,10.0046168170819,51551.75
51139,10.0054231418652,21160.87
51143,10.0247155241725,24701.22
51145,10.0052823018153,14230.16
51147,10.0089737906043,20752.1
51149,10.0106777197352,54266.68
51159,10.0050117512638,103082.53
51163,10.002359334178,13599.43
51165,10.0015342103086,161618.39
51171,10.0034811480534,38915.61
51175,9.97725921576428,127796.78
51177,10.003079034022,25172.83
51179,10.0050167410463,11089.51
51181,10.0059310245378,104159.07
51183,10.0014510629609,112595.39
51191,10.0008527168393,12493.01
51193,10.0071589924996,131327.39
51197,10.0011811947155,18416.1
51800,9.99848382901449,119557.03
51810,10.0180225666364,72212.8
53001,10.1077399573858,3907327.74
53003,10.0718397153254,213374.86
53005,10.0577911341574,929227.19
53013,10.9574707794536,602483.6
53017,10.0611134595404,1176133.62
53021,10.0712780104529,878854.408
53023,10.0868212082562,621045.12
53025,10.1151236232691,922082.88
53043,10.072745910119,4929707.57
53047,10.0565377158634,52301.6
53063,10.5479119826498,853274.04
53065,10.038158823898,11331.67
53071,10.3034230221244,1979896.61
53075,10.4416221696987,3369554.68
53077,10.046090804004,157012.9
54023,10.0015458050758,8065.7
54027,10.0032481896789,9818.7
54031,10.0003853563446,34985.8
54037,10.0033281202936,82965.03
54057,10.0018793061663,4332.45
54069,10.003527342032,3410.5
55001,10.0003947486712,220910.18
55003,10.0007061427319,9578.8
55005,10.0006787742776,883080.900000001
55007,10.0033251524547,10675.3
55009,10.0032624698022,433760.490000001
55011,10.0000626563386,694837.92
55013,10.0005199941008,91402.96
55015,10.0049788516576,344570.74
55017,10.000033405364,887821.490000001
55019,10.0005007730815,330482.62
55021,10.0009212386435,1473037.86
55023,10.0001490726622,209213.41
55025,10.0007772653691,2118767.49631
55027,10.002572988602,962074.53
55029,10.0083403646291,185646.2
55033,10.000072476583,1209473.41
55035,10.0000708106545,454550.24
55037,10,2382.5
55039,10.0034435300576,730372.89
55043,10.0001761072731,956962.18
55045,10.0005784504929,1301900.87
55047,10.00115881203,470093.67
55049,10.0002023031681,797532.74
55053,10.0001478068008,291116.510000001
55055,10.0014477492226,976862.690000001
55057,10.000232095634,257304.28
55059,10.0046995467092,217412.33
55061,10.0045918667731,322037
55063,10.0000501853365,186986.89
55065,10.0002451977199,771178.46
55067,10.0022447467055,174176.89
55069,10.0002725360094,37402.03
55071,10.0055304426525,495802.23
55073,10.0002096353535,891022.42
55075,10.0013227038152,180021.33
55077,10.0002429366034,309265.87
55081,10.0000755200614,287883.77
55083,10.0016567900919,367190.39
55085,10.0164514001417,6140.45
55087,10.0016752252264,630772.020000001
55089,10.0062525271648,128355.3
55091,10.0001536492326,367050.32
55093,10.000266619011,492365.49
55095,10.0003694386437,668400.57
55097,10.000141639232,462659.95
55099,10,10309.56
55101,10.0050666262919,305735.16
55103,10.0001507834371,416922.45
55105,10.0007295196612,2206387.69
55107,10.0000446366818,100558.55
55109,10.0002233067422,1145446.83
55111,10.0003434352373,878282.62
55113,10,32977.52
55115,10.0007106296207,304020.82
55117,10.0058455806474,393382.17
55119,10.0003423966125,169774.46
55121,10.0000721533976,1019951.97
55123,10.0001852761999,352079.76
55127,10.0010701057873,1353889.51
55129,10.0003993923591,100908.29
55131,10.0035933401381,231777.78
55133,10.0024056817786,173240.12
55135,10.0003942856081,652491.48
55137,10.0003592878955,308191.29
55139,10.0039969500609,394171.8
55141,10.0003148125097,232328.76
56003,10.0019282311031,35102.95
56009,10,8634.37
56011,10.0421631324944,38888.88
56015,10.0191037761791,358566.68
56021,10.085371182222,635814.53
56027,10.0318294931633,46652.15094
56029,10.0041179508991,59977.33
56031,10.0314535933849,62760.88
56043,10,29153.22
56045,10.0332388538973,22057.71
99999,10.3495346917227,1144373.240403
02002,10,12467.34
04003,10.0050131801329,44908.5
04009,10.0316608665163,1910.87
04011,10,710.22
04012,10.0568404696481,11893.16
04013,10.0309905075804,27112.16
04019,10.0405706829177,4322.19
04021,10.0233364715309,46576.63
04027,10.0635367140503,54491.4
06011,10.0441807732538,25908.7
06025,10.0587748440083,44802.05
06029,10.0343406079265,36976.18
06031,10.0358793581241,49888.15
06035,10.0421985956715,6232.16
06039,10.0367178868399,18216.13
06049,10.0374664632107,18834.54
06065,10.0479045216785,8603
06067,10.0147311377507,69774.95
06077,10.0144784732801,50003.67
06079,10.0146530205064,56495.99
06093,10.0369411204478,9911.93
06095,10.0389264572055,27889.34
06099,10.0049305701621,35467.46
06101,10.0335407551222,26788.61125
06107,10.0289942424772,101383.88
06113,10.0404210408066,54746
08003,10.0251501417196,15548.31
08021,10.0065714544724,28018.82
08023,10.0180078491201,5610.82
08033,10.0580157632247,46487.95
08045,10.0401132413125,2045.19
08103,10.0470353714929,4716.51
08109,10.0422998845176,25484.41
13023,10.0029452956028,35370.1
13081,9.89470109907276,28550.43
13093,9.95178767188285,79771.63
13105,10.0437225713637,1981.05
13107,9.98014617641572,47548.71
13153,10.0046738145058,32397.67
13171,10.0349019139033,2593.13
13175,10.0071044847503,62266.12
13195,10.0444846161432,4867.44
13207,10.0437794447033,2660.92
13231,10.0465716350617,3306.97
13283,9.99599877575505,4084.15
13309,10.0147898268509,23781.82
13315,9.91755241423919,34014.898
16001,10.036013906957,16549.99
16003,10.0116994633274,950.3
16013,10.0077963424726,16639.11
16021,10.1805687477276,26046.17
16023,10.0290062119829,26307.22
16027,10.1177467816646,41063.93
16033,10.0472369251305,11806.81
16037,10.0072764880244,4621.9
16043,10.0560162753839,115584.37
16045,10.0100652039558,29788.07
16047,10.0119585292192,51928.61
16053,10.0688631605038,78107.42
16059,10.0126167417103,5974.3
16065,10.0299405321521,69935.27
16067,10.0827331636425,100685.08
16077,10.0668374209798,190849.84
16081,10.0067361416183,44251.92
16085,10,1286.2
16087,10.039072368473,21522.77
17119,10.0046945125737,918898.51145
17121,10.0076060706015,754219.82
18137,10.0008925980301,481057.75
20045,10.0045120790593,418476.71
20051,10.0401876706315,223039.16
20139,10.0061165286247,507363.750000001
21053,10.0047436833464,9409.65
21099,10.0030683045443,43444.84
21155,10.008355004164,64157.67
21199,10.0056623121311,54394.2815000001
21231,10.0030444938711,27394.11
23002,10.0032400795044,29205.95
23004,10.0009402244918,32032.35
23019,10.0000036110627,38769.75
24003,10.0018807326886,27748.76
24005,10.0018292856106,122987.804625
24017,10.0028020708306,56773.7026
24027,10.0033303589789,16339.68
24031,10.005145770419,60432.7
24033,10.0025884297283,16712.14
26003,10.0023791881704,618.11
26035,10.0051497435794,26832.87
26071,10,577.3
26101,10.008394325005,4062.03
26103,10,490
26105,10.0052177136823,81244.09
26113,10.0009889674601,123676.87
26127,10.0024099459185,55442.24
26139,10.001603129012,261015.3
26153,10.0076084054765,1048.84
26165,10.0025421418526,26785.13
27017,10,4318.91
27138,10,229.8
29009,10.0224224324439,5893.25
29015,10.009268362385,139828.65
29033,10.0043100212002,1720593.3
29061,10.0057908457391,431258.63
29079,10.0048372668664,303855.76
29083,10.0098082953195,207602.13
29085,10.0231129401759,10934.55
29101,10.0041499087128,525100.9
29107,10.0019192701223,1408260.03
29113,10.0057060892777,487281.44
29123,10.0085125167153,2086.41
29131,10.0052449372716,13980.11
29137,10.0046611017916,915026.23
29167,10.0201025773636,20263.73
29175,10.0144364838249,212257.35
29187,10.0121398232744,7731.76
29201,10.0115580212244,1897807.33
29205,10.0036146553934,876454.67
29215,10.0151510345325,2080.65
30001,10.033797678507,20039.69
30023,10.0223617056037,1836.3
30039,10.0269172997726,2299.51
30043,10.034773380894,4485.5
30047,10.0415396722061,23102.32
30059,10.0316155721148,31901.64
30069,10.0545712328377,68533.35
30075,10.0456845646065,64576.52
30077,10.0183247170746,7795.34
30081,10.0261406831094,2629.74
30089,10.03985426894,3306.09
30093,10,363.48
31029,10.0094951437016,1786636.52
31045,10.0533240573266,151210.9
31047,10.0012065166731,945419.84
31069,10.0637855785126,383144.53
31099,10.0028033271512,2014000.47
31103,10.000900660795,188407.89
31123,10.0101352978909,440230.07
31133,10.0026160165333,909202.74
31175,10.0011154600859,888390.73
31181,10.0150488533426,1339553.17
32001,10.0169179458379,4932.23
32013,10.037641565757,21104.68
32015,10.033951663248,2242.6
32019,10.0286307078704,1005.41
32027,10.0568864096842,9737.89
34035,10.0097008295739,11225.04
35005,10.0067219039677,15181.77
35011,10.0315627830712,3256.69
35015,10.0104753481085,1187.13
35023,10.0092474445293,10404.15
35029,10.012339659921,10021.2
36021,10.000580017687,49923.65
36071,10.000029547477,8731.71
36083,10.0001590003071,76207.4
37003,10.002060036789,13335.49
37023,10.0032504578574,2276.91
37027,10.0046781591017,2845.35
37029,10.0091861400753,198099.2
37059,10.0067706957452,25794.07
37151,10.0039916325253,49783.24
37161,10.0112038002257,3961.87
39053,10.0011748786393,22554.67
39111,10.0031495510373,484.45
40087,10.0446256977075,34123.975846
40101,10.0239779080271,252640.18
40105,10.0405488950444,32628.46
40117,10.0519308482375,39691.83
40119,10.0562882381397,22635.45
40137,10.0514875671384,51436.67
41003,10.0572670607395,4408.66
41019,10.0535432330827,1064
41039,10.0442223181377,3521.62
41043,10.0541803246596,5108.12
41047,10.0474667231989,20660.79
42083,10,2397.08
45001,10.0291040358234,1054.06
45005,10.0031672173498,242831.74
45017,9.98933363416078,149277.16
45021,10.0080571039822,5688.57
45045,10.0160676541233,499.6
45047,10.0230960696692,655.67
45057,10.008884070953,7010.84
45059,10.0209304744367,6576.43
45063,10.0001970550909,57615.36
45073,10.0177569967191,5477.21
45081,10.0186012061423,15217.11
45091,10.0194004800311,9828.53
46081,10.0268038468581,5734.55
47007,10.0122962546298,14506.71
47055,10.002055501602,196005.2902
47105,10.0113422056077,21250.47
47177,10.0046567675385,43409.21
47185,10.0033458159136,7156.64
48045,10.0393348795285,80554.73
48093,10.0019702839881,75553.88
48097,10.0389613771685,62368.55
48121,10.0405413425673,71016.03
48141,10.016143387789,4159.35
48169,10.0263130520779,6087.23
48191,9.97859632238872,44961.25
48197,10.0576201993285,357419.01
48205,10.0274944482865,469346.09
48227,10.0190818773598,30023.44
48237,10.0590453000425,25930.66
48275,10.0592844219534,1182745.34
48277,10.027372223354,241958.73
48333,10.016008187589,20948.78
48353,10.0521578035062,61775.18
48357,10.0376961597681,670747.25
48383,10.0374148057022,19574.08
48389,10.0190965763141,2608.3
48413,10.0363339501812,36886.46
48415,10.0224086243934,27516.37
48493,10.0017754216438,85741.21
49001,10.007348777102,5215.48
49007,10.0057179510675,436.52
49011,10.0234181902337,950.62
49013,10.0016835855618,4126.55
49015,10.0075167755872,3657.1
49021,10.0043982233974,6626.13
49023,10.0457192508953,12412.15
49027,10.0254786865333,36354.48
49029,10.0080151021371,1567.99
49031,10,577.33
49037,10.0568786389103,41796.51
49041,10.0030639317079,6187.54
49045,10.0374052419759,998.86
49047,10.0166597309908,5329.93
49049,10.0447035645209,16942.81
49055,10.000419791264,2587
49057,10.016050930321,3655.19
51019,10.0027879060852,21003.29
51023,10.0008726419171,17356.26
51029,10.0092885388351,6456.15
51041,10.0055924484342,7674.17
51049,10.0029453574766,10305.71
51065,10.0029147201083,4846.16
51067,10.0029289279143,29161.66
51099,10.0065484274966,27674.98
51115,10,7927.5
51131,10.0057356273524,112859.86
51141,10.0026323227486,9814.45
51155,10.0025646629885,14503.66
53029,10.0153220111732,1342.5
53037,10.0581772707863,819.65
53039,10.0552589818189,125886.25
53057,10.0222143246612,2054.08
53061,10.0084954174775,1346.42
53073,10.0013461153302,14030.15
54003,10.0044489278678,10755.67
54025,10.0002909433156,12643.7
54053,10.0003926279799,41261.96
54065,10.0150508608227,760.9
56005,10.0490752456338,27865.67
56013,10.0080079141593,10962.63
56017,10,559.38
56019,10.0122883316369,648.42
56023,10.0057760735085,9385.58
56025,10,4723.3
56033,10.0373065853097,3474.4
56037,10,1816.5
56039,10,1344.28
13031,9.97892302118524,164285.59
37015,9.99215467216381,283356.61
40057,10.0556593463733,363577.87
48009,10.0597346691023,341362.43
01061,9.94679047640267,103229.9
13321,9.94762749180777,109149.17
45067,10.0028142838763,178685.67
01001,10.0070650166851,15618.76
01003,9.97630009333035,102463.99
01005,9.96538743656325,52948.41
01009,9.99688585605559,10419.3
01011,9.96369431285097,4327.3
01013,9.97620335467346,7308.61
01015,10.0129234413236,21025.05
01019,10.0111040479062,37600.18
01021,10.0028871723439,710.73
01031,9.93494839351084,60160.07
01033,10.008575444117,29542.33
01035,9.99426053439789,10533.35
01039,9.91288146822048,22913.18
01041,9.97133049805237,14091.49
01045,9.9082101358044,29499.78
01047,10.0121222506955,62229.83
01051,10.0112121144007,21354.42
01053,9.95249645043192,30545.97
01055,10.0023036803413,13988.92
01057,9.99679252535508,11681.09
01059,10.0082913503227,18350.28
01063,10.0369938423515,2840.37
01067,9.91488854218498,58724.46
01069,9.90302792138039,82647.06
01071,10.0032212955421,191386.91
01075,10.0052594642381,6605.92
01077,10.0137858572833,84307.14
01079,10.005247934263,67653.82
01081,9.90471186855649,1878.83
01085,10.0364243057292,13719.07
01087,10.0018171955718,5456.87
01093,10.0080018514395,24607.88
01095,10.0067092355203,46088.47
01097,9.93352179287126,13502.81
01101,10.0153365395581,32445.22
01103,10.0093342584384,42200.61
01105,10.0250968835081,27756.53
01107,10.0066296627883,33039.78
01109,9.93336063486264,18611.9
01111,10.0012542119057,1923.12
01113,9.95629625963794,8082.64
01117,10.0035535636837,622.53
01121,10.0092440265917,25114.64
01123,9.98765736209964,1798.4
01125,10.0110422273821,14182.03
01129,10.0081942268629,1334.11
01131,10.0323791321405,7952.9
01133,10,416.65
05001,10.0050587907874,1965203.31
05003,10.0064173109,345880.11
05017,10.0129650175197,942477.77
05029,10.0054894582146,188025.55
05031,10.0026546982324,834231.090000001
05033,10.0077103549923,103291.82
05035,10.0068443288455,1864906.77
05037,10.0044352465016,1513124.58
05041,10.0052144267449,923234.18
05043,10.0066587709952,236036.5
05045,10.004379105705,66028.55
05047,10.0204258594859,10873.07
05055,10.0031639679348,824369.290000001
05063,10.0028538940189,254271.11
05065,10.0553431172305,2325.59
05067,10.0029379741385,1128005.13
05069,10.0043346144261,935456.56
05071,10.0075014798742,30661.39
05073,10.033428683874,183631.89
05075,10.0048623689663,740178.63
05077,10.0046438411228,1172806.23
05079,10.0056107520946,502751.53
05081,10.0239184665861,80860.1
05083,10.0040323817177,51196.79
05085,10.0057086765765,1083125.47
05091,10.0142765628154,212421.76
05093,10.0044326652818,1943918.6025
05095,10.0025959540505,834703.950000001
05105,10.0060228896968,23549.46
05107,10.0020258309399,1369743.42
05111,10.0026726734476,1334538.42
05115,10.0033531768463,85356.19
05117,10.0032522766616,1232206.61
05119,10.0071173327447,196259.28
05121,10.0040366845121,408016.33
05123,10.0060006385663,1523569.35
05145,10.0039755969954,307327.73
05147,10.0017320706199,1249057.27
05149,10.0048447392416,71374.12
08101,10.0091591716926,47177.17
09003,10,4537.86
09005,10,13072.55
09007,10,1496.15
09009,10,4473.4
09011,10,17473.5
09013,10,12986.37
09015,10,18057.2
12001,9.96875574087603,18109.17
12013,9.96993786069565,22402.89
12023,9.97438531446953,21194.74
12033,9.98751808914,47246.58
12039,9.97266827819133,5311.74
12041,9.94218765716629,12287.94
12047,9.97793604759508,24415.97
12059,9.96781535293385,23134.08
12063,9.9506269306137,112872.14
12065,9.98276256191724,18728.63
12067,9.9919730255444,14754.7
12079,9.98587301799775,38847.08
12091,9.97068942490734,7023.39
12113,9.88964538532037,28664.07
12121,9.97614713284291,46665.04
12125,10,1262
12131,9.96311098971997,15670.19
12133,9.97116781406678,15074.66
13001,9.96181907311201,37881.6
13003,9.96768688213733,38254.86
13005,9.99111598168897,39539
13007,9.970610181674,77326.97
13015,10.0084519670954,16468.19
13017,9.95426901241637,31873.25
13019,9.93673654018972,49351.55
13025,9.98515307648492,3844.81
13027,9.95687703867851,53628.49
13029,10.0054701530915,3791.85
13037,9.98549540503255,203029.73
13043,9.99580286329347,32424.2
13047,10,2552.1
13055,10.0085557232162,9278
13061,9.9398889604514,25308.1
13065,9.92730313131865,731.96
13071,9.90858241177839,49946.38
13075,9.91752933162667,25015.66
13087,9.96710494264192,148518.75
13091,9.97654754079028,47994.89
13095,9.99818304502697,20244.09
13099,9.97574893547151,166935.41
13101,10.0009071545585,3009.41
13103,9.99290634877702,30058.23
13109,9.99868172774939,15827.99
13115,10.0087307237991,24593.15
13119,10.0358581139662,3979.25
13123,10.0108265821769,1496.04
13125,10.0290120768938,2048.54
13129,10.0018834444517,31653.92
13131,9.97986684986264,126305.54
13139,10.0079462649112,4479.01
13155,9.94776327649388,92039.36
13159,10.0280376468011,2190.89
13161,9.96742416742997,31638.78
13165,9.97779580929266,49541.04
13173,9.96596211541359,8296.25
13177,10.0005578360381,191599.31
13183,10.0135477645545,2798.1
13185,9.96568469057315,19476.17
13187,10.0029132254361,2160.08
13201,9.94453800218137,85679.95
13205,9.95758532353751,150729.51
13209,10.0032850231845,11951.94
13213,10.0008649623722,12357.763
13225,10.0140272131032,15635.85
13229,9.98556400571669,68760.03
13233,10.0198096253264,9381.5
13235,10.0139038481597,22146.43
13241,10,882
13243,9.9897356412247,87915.75
13249,9.98497591023755,7876.79
13251,9.98950126926269,137146.55
13253,9.96750146860892,98511.59
13259,9.94612008479384,11052.69
13267,9.99739990068155,93678.46
13269,10.028431930724,18421.38
13271,9.97226856075282,22636.07
13273,9.97389303890757,84011.67
13275,9.96543671832228,43380.25
13277,9.9396572755562,49228.47
13279,9.99753686313542,55459.2
13287,9.90882644676937,34521.57
13289,9.97247353361749,7279.99
13291,10,1033.53
13295,10.0202177143072,14638.45
13299,9.99585953710183,24550.54
13305,9.98648429467695,39693.23
13307,9.93476383700358,25344.36
13311,10.0023239031407,5005.2
13313,10,2494.8
13317,10.0397699836364,9716.7
17001,10.0014383821992,2375430.11372
17003,10.0028260209244,307837.901695
17005,10.0075029713746,543485.840000001
17007,10.0007770806268,509777.99
17009,10.0026985415363,404679.93
17011,10.0002211811672,3331376.76
17013,10.0047381937558,145209.94912
17015,10.0000845665895,1319771.8
17017,10.0004882616959,1283737.4
17019,10.0001727212752,4853096.40592
17021,10.0004054722487,2291029.78798
17023,10.001150871813,1685877.07
17025,10.0062949988018,819553.04318
17029,10.0005573448198,1541405.5526
17031,10.0015174931181,30431.11
17033,10.0037766347041,1579083.62
17035,10.0016480450072,909933.887369999
17037,10.0005257937701,1730173.79
17039,10.0000713861757,1313876.23912
17041,10.0001253821309,1457111.94
17043,10,14475.84
17045,10.0004364974531,2014667.4254
17049,10.004030249027,815407.48275
17053,10.000227577366,2354398.46
17055,10.0055515006932,502995.560000001
17057,10.0008869855375,1389459.07
17061,10.0007739013401,1744917.64
17063,10.0001073793477,1213104.78
17067,10.0007681014123,2668407.54
17069,10.0041181770348,28336.47
17071,10.0001919413564,1163633.54
17073,10.0002007669674,3292043.55
17077,10.0060042852106,489788.930115
17083,10.0023385317246,407427.8343
17089,10.0011650504298,540494.2
17091,10.0003915770986,2623339.2936
17093,10.0005068989192,595734.550950001
17095,10.0006370774098,1523787.51
17099,10.0001800454599,3253774.91
17101,10.0057030048101,1505411.25
17103,10.0001899730917,3047948.50000001
17105,10.0001811251149,3637334.89
17107,10.0001424023512,3044153.39
17109,10.000358335466,1489965.83
17111,10.0006681357073,1221917.63
17113,10.0001291379595,3911790.94
17115,10.0001181970173,1702520.12
17117,10.001549200915,1442576.22
17123,10.0002488003749,1462925.85
17125,10.001210205511,1922416.63
17129,10.0006488136219,1194886.75
17131,10.0002290660687,1982938.82
17135,10.0020505158818,1385478.840406
17137,10.0005041061011,2141574.16
17139,10.0002696929856,1062935.32
17141,10.0005637544862,1618983.48
17143,10.000722904133,975036.34
17147,10.0001611872238,1616334.116596
17149,10.0011933778038,2143477.021085
17155,10.0009328938613,227099.79
17159,10.0051666569427,754310.813200001
17161,10.0006007871548,958408.639999999
17165,10.0031880230555,455311.16768
17167,10.0001644763775,2182227.05
17169,10.0012304546849,1033250.16
17171,10.0009670432371,895249.94
17175,10.0003804029876,803944.79
17179,10.0003735204903,2148543.71
17181,10.0056071198267,175332.26155
17183,10.0002130302223,3775455.855
17185,10.0030553364177,911932.18
17187,10.0000950588369,1464035.5867
17195,10.0001672150511,2445884.49
17197,10.0010134396304,1092677.814
17199,10.0014643926861,200216.31
17203,10.0003661533558,1453637.64
18001,10.0040972955054,602002.320000001
18003,10.0063488251346,752465.33
18005,10.0032594766056,1182954.83188
18007,10.0002806975013,1644044.56
18009,10.0037946553404,291532.88
18011,10.0007156688732,737003.41
18013,10.0017477273016,17307.62
18017,10.0008608378198,1270163.99
18019,10.0056082544261,179999.43
18021,10.00218873857,453734.22555
18025,10.0031441620817,28863.97
18027,10.0013770326832,1179104.04
18033,10.0048925087986,641598.56
18035,10.0011348865705,899168.98
18039,10.0009443538895,605225.23
18041,10.0029449466341,281278.17
18043,10.0070539104166,21450.4
18045,10.0010390910586,1019751.821825
18047,10.0021877905024,302568.55
18049,10.0006537277868,1340410.21
18051,10.0036104508589,1702615.28
18053,10.0015803893382,802531.610000001
18055,10.0010787071243,593627.30216
18057,10.0013044528034,377472.76
18059,10.001324884636,552377.358100001
18063,10.001449948122,494185.956800001
18065,10.001056053752,1066672.9775
18067,10.0007292629874,794145.61
18069,10.0023715853186,700963.27
18073,10.0002044898017,2334541.85
18075,10.003856114152,697500.98
18079,10.0010725752133,387155.77505
18081,10.0011068755372,753989.38
18083,10.0047016335982,2158356.96
18085,10.0011356312978,1375596.29
18087,10.001235094748,623565.44
18089,10.0007791762588,816056.435
18095,10.0009503977664,1137604.315
18097,10.0025935666188,50192.58
18099,10.0008884564819,1074933.91
18101,10.0038638626056,103579.77
18103,10.0012179623544,1302525.527533
18105,10.001836399397,42855.71
18107,10.000817569502,1336386.2
18109,10.0019320501841,334256.535
18111,10.0002385598066,1647750.33
18113,10.0011740328927,848207.07
18115,10.0019094479989,23286.73
18117,10.0038573759879,206590.646725
18119,10.0047292705977,162504.55205
18121,10.0022868999615,689665.76
18125,10.0031516870586,312311.02
18127,10.0007577405328,874057.24357
18129,10.008673385438,1839729.24
18131,10.0002826025024,1565718.62
18133,10.0023397248731,544867.14
18135,10.0020334413829,986408.37
18139,10.0019363149293,926265.44
18141,10.0008432837566,888353.5146
18143,10.0025336610869,152171.26
18149,10.0003007023106,739712.64
18151,10.002847155296,585242.26
18153,10.0018208298874,1036109.97
18157,10.0007503708341,1445215.02
18159,10.0005931215935,633395.25
18161,10.0016473992908,250278.85
18163,10.0043028050817,389545.51
18165,10.0011211202186,368776.33025
18167,10.0009470961231,719293.41
18169,10.0014569679807,1383477.36975
18171,10.0007725156474,1328849.2
18177,10.0017876630235,801005.66
18179,10.0023670655476,801883.6242
18181,10.0003144406266,2353713.03
18183,10.0049694580709,481953.84
19001,10.0001454508422,920084.05
19003,10.0005396887851,588114.5
19007,10.0010644433762,213067.98
19009,10.0000969664032,931281.32
19013,10.0000284428894,1103263.44
19015,10.0000144519032,1254436.855
19017,10,913261.64
19019,10.0000203145054,1300597.75235
19021,10,1478444.26
19023,10.0000160210425,1252914.72
19025,10,1485926.28
19027,10.0000059359746,2333399.48
19029,10.0002072645199,1076725.53
19031,10.0000191541752,1250954.41
19033,10.0000074379215,1287859.79
19035,10,1245931.18
19037,10.0000223627335,1097093.07
19039,10.0003636956366,284341.0522
19041,10,1297297.24
19045,10.000156571126,1418154.2
19047,10.0000366363553,1583590.931
19049,10.0000171131922,919115.49
19053,10.0010235410625,254469.8396
19057,10.0004437903686,1178157.61
19059,10.0000528476352,1357241.43
19063,10,980488.85
19067,10.0000237594175,1852823.2
19069,10.0000134401022,1457131.78
19071,10.0000950998981,1914607.73
19073,10.0000133827497,1418766.73
19075,10.0000035054543,1232365.24
19077,10.0002085935921,975231.3
19079,10,1492097.47
19081,10,2770925.93929
19083,10,1337149.35
19085,10.0000496054114,2830517.8
19087,10.0006079168537,573277.740025
19091,10,1141717.12
19095,10.0000887116814,1012121.5
19097,10.0003066852382,764619.13
19099,10.000011383067,1317746.79
19101,10.0009323147569,595732.070000001
19103,10.0003028964282,823202.18
19105,10.0001084193643,1018141
19107,10.0005980500082,814649.600000001
19109,10,4155724.69
19111,10.0010297853338,776567.09
19113,10.0000794740053,1106248.51
19115,10.0001796612387,1242595.24
19117,10.0005888594693,240844.9
19121,10.0002322228523,544253.93
19123,10.0000230290137,927525.61
19125,10.0003508912685,576840.23
19127,10.0000129841385,1252297.18
19129,10.0001345460208,1708166.46
19133,10.0000259176531,2834284.4
19135,10.0005883429987,211253.3
19137,10.0003593350386,835105.87
19139,10.0000685839597,1505424.89
19143,10.0001126683019,2060073.65
19145,10.0006135328026,837549.35
19147,10.0000001698626,2755168.13
19149,10.0000255427764,3978831.37
19151,10,2514176.69
19153,10.0000439946252,562500.53
19155,10.0000808717063,2086935.07
19156,10.0001022617269,1819889.08
19159,10.0017596958406,490142.802
19161,10.000002568128,1454366.78
19163,10.0000398649305,772408.22
19165,10.0000420238704,1421049.5
19169,10.0000040071766,1709183.45
19171,10.0000155504363,1383240.93
19173,10.0014597416443,666630.43
19175,10.0008166526671,410653.162
19177,10.0016864296665,402032.42
19181,10.0003821991063,523376.42
19183,10.0003337400835,855455.53
19185,10.0007623543287,479034.73
19187,10.0000004798367,1694326.32162
19189,10.0000130194541,973773.55
19193,10.000026468977,3286753.4
19195,10.0000037104902,1600058.14
19197,10,1495808.53
20005,10.001140973893,914470.879999999
20013,10.0008847508537,2103899.75
20017,10.0168880360065,137583.65948
20043,10.000306408557,1301417.31
20049,10.0219260996976,76729.05
20061,10.0108406760854,243618.92
20087,10.0017073858387,718276.31
20091,10.0122309641723,111607.44
20121,10.0091065380271,245567.81
20157,10.0101386148402,2165871.27
20177,10.0029842675807,531797.42
20209,10.0024214866305,19454.33
21001,10.0053091807567,37922.8
21005,10.0009639802312,4170.21
21011,10.000661989937,7864.47
21015,10.0007073263756,10959.58
21017,10.0068625206403,46674.57
21021,10.0082804872857,16913.28
21023,10.0051432211242,8289.28
21029,10.0042902938936,21623.81
21031,10.0022200488181,156937.63
21041,10.0027516133019,9305.45
21043,10,1011.39
21045,10.0028717863857,45806.68
21049,10.0065974123594,5321.45
21057,10.0039126088858,7293.19
21059,10.0012229733692,1268532.61
21065,10,2568.22
21067,10.0056672439852,13603.12
21069,10.005477248477,20505.88
21073,10.00091615853,6942.03
21075,10.0055312235233,759641.53
21077,10.0015559473168,8310.05
21079,10.0037935898528,8103.09
21081,10.0039624194212,2916.4
21087,10.0045236564446,35586.92
21089,10,7142.88
21091,10.0062281060985,100018.72
21097,10.0052879402874,31658.3
21101,10.0013806309612,1454965.85
21103,10.0072579021138,52289.49
21107,10.0021805479726,288897.29
21109,10,983.42
21111,10.0056526552736,9529.15
21113,10.0010642552821,3335.29
21117,10,485.2
21125,10.0023699226735,2812.75
21135,10.0032912395302,22895.69
21137,10.0046218905513,49360.84
21145,10.0084271575339,183748.79
21147,10,404.04
21149,10.0049687646578,472528.840000001
21151,10.004072562039,7953.47
21157,10.010189787913,143844.25
21161,10.0064655271727,49998.8
21167,10.0045543116852,25083
21169,10.0077562460971,14748.81
21177,10.0040342489641,147693.81
21181,10.0089102230604,3690.48
21183,10.0008151933002,280592.1
21187,10.0043146022376,12573.21
21191,10.0046055693711,9023.64
21197,10,4077.7
21201,10.0010031905755,1629.8
21203,10.0059638075622,4757.9
21205,10.0002012657379,2235.85
21207,10.0042783012007,19870.27
21209,10.0065873065696,3823.08
21225,10.0018079533599,1225742.35
21239,10.0087844082551,8753.35
22001,10.0025403028357,322662.3765
22003,10.0028138874859,44885.59
22009,10.0015520720884,600382.68
22015,10.0241484967977,20549.13
22017,10.0062921392336,91375.06
22021,10.0034893297664,26809.16
22025,10.001790297139,575490.67
22029,10.0018428479191,820974.8728
22035,10.0020810417256,602457.31
22039,10.0052816475786,154952.67108
22041,10.003514219112,302669.0898
22043,10.0035683522918,16436.83
22045,10.015807401835,7098.51
22047,10.0129031310265,20897.3
22053,10.003719547092,224751.395618
22055,10.0038111041451,25377.37
22065,10.0011939065079,808812.41
22067,10.0015246077924,365309.69
22069,10.0037845100952,152432.57
22073,10.0074257103843,32295.9
22077,10.0087215142394,532112.454400001
22079,10.0009204344844,203877.52
22081,10.0168247893795,62996.01
22083,10.0052144297528,164197.13
22097,10.0031960372156,530893.38
22099,10.0036184330002,22796.94
22107,10.0049444476815,476493.236
22113,10.003804352657,146306.5788
22121,10.0100619621295,29256.58
22123,10.005885393048,121439.23
22125,10.0188262644188,28175
23001,10,3745.14
23005,10,2014.75
23007,10,5557.6
23011,10,13112.6
23015,10,253.5
23017,10,5751.7
23025,10,31274.8
23027,10,5273.5
23031,10,3397
25003,10,16359.1
25005,10,7576.95
25011,10,11952.8
25013,10,2504.05
25015,10,13687.7
25021,10,341.5
25027,10,10263.2
26019,10,3145.35
26021,10.0016251533549,610748.27
26079,10.0167764683672,8369.33
26099,10.0052268167941,115432.59
26111,10.0025652877329,235811.91
26125,10.0091485582155,22056
26163,10.0010798132879,7815.24
27003,10.0002925102404,58100.53
27053,10.0005827592621,93059.01
27061,10,2847.05
27063,10.0000660356537,1772587.89
27079,10.0014025773191,760773.46
27091,10.000024095263,1789023.84
27141,10.0003016265902,351189.86
28001,10.0091400026757,13230.39
28003,10.004001817903,79954.7625
28005,10.0213724896701,4261.89
28007,10.0098013831176,10665.76
28009,10.0045970415303,45104.4
28011,10.0017709837567,1659884.62
28013,10.0067609249968,97029.09
28015,10.0033983587901,82447.71
28017,10.0043445639425,122744.01
28019,10.0131835696786,6669.62
28021,9.99978354792083,22775.48
28023,10.0180733690742,830.05
28025,10.016944709641,79815
28027,10.004362839081,750084.14
28031,10.0054924513237,3832.46
28033,10.002980464613,313861.2
28035,9.9158842135469,3066.68
28043,10.0051948896187,30889.28
28049,10.0006528032822,21760.92
28051,10.0020307400036,155892.63
28053,10.002534450714,309831.75
28055,10.0006507774156,349690.07
28057,10.0032078825672,47856.49
28061,10.0146371061844,1285.5
28063,10.0042986872985,14879.24
28067,10.0510114430753,3526.15
28071,10.0036475721352,21220.91
28077,10.0118217655136,10159.65
28079,10.0259285782131,3474.29
28081,10.0047573999114,199034.14
28083,10.0009736380448,662669.36
28085,10.0168528342756,2179.04
28087,10.0042684219216,175351.55
28089,10.0168758258594,12532.4
28091,10.0199694752858,6368.61
28093,10.0068337762791,67284.38
28095,10.0033726626452,387823.55
28097,10.001148208222,14173.91
28101,10.0131751314773,5438.2
28105,10.013227699521,12297.83
28107,10.0072806610034,243046.27
28115,10.0053672250153,76004.49
28117,10.0090704602462,106077.9645
28119,10.0081394434566,557566.93
28121,10.0030272688147,13592.45
28123,10,6340.28
28125,10.0008273383399,449668.27
28133,10.0017634694261,958108.19
28135,10.0009369761401,640617.38
28137,10.0039675565958,103233.31
28139,10.0028219115372,48931.3
28141,10.0076913811918,21470.37
28143,10.0031094353369,759589.2
28145,10.0042467574151,90104.04
28147,10.0047873880895,4157.34
28149,10.0047280769891,55074.78
28151,10.0013544939127,1073765.18
28155,10.007565057697,15273.75
28157,10.0160114634897,2111.05
28159,10.0294990477768,3623.1
28161,9.99143424575738,20649.39
28163,10.0022621381549,266309.42
29001,10.0069682308287,191357.84
29003,10.0016596676009,693966.43
29005,10.0001909318836,1970223.06
29019,10.0075286557466,247379.7
29021,10.0015874016095,489986.4
29023,10.0024690935726,922698.04
29041,10.003970606629,1367395.39
29043,10.0201653040654,6696.75
29045,10.0024589680207,722870.93
29047,10.0042964488595,157661.46
29049,10.004262007294,301155.28
29057,10.0240490638042,404821.85
29063,10.0081071479204,346824.09
29069,10.0107725378323,923705.96
29081,10.0046964505005,464353.92
29087,10.0002539940302,1792301.18
29089,10.0051209103074,623135.46
29095,10.0050103548352,273712.71
29105,10.0081937408302,2678.63
29111,10.003271475556,780699.46
29115,10.0090281674196,335129.74
29117,10.0073575910994,548129.89
29121,10.0091432303674,499033.21
29127,10.0046881916935,916771.6
29129,10.0062012090054,175061.25
29133,10.0112052909707,2450181.8
29141,10.0123729724202,56320.84
29143,10.0077886986302,2374052.57
29155,10.0125038742947,1706833.25
29161,10.0244901879384,2842.42
29165,10.0023932830841,516258.36
29171,10.0041615301434,145992.07
29173,10.0051851988491,838109.42
29177,10.0039234002267,874065.25
29181,10.0023295349301,97284.74
29183,10.003226024871,316319.57
29189,10.0072054550594,26001.55
29195,10.0011433250109,2044874.71
29197,10.0064525857649,109991.44
29199,10.0057330061132,361897.05
29207,10.0094547381845,2755621.35
29211,10.0048872322858,134001.12
29223,10.0094377774781,25060.54
29227,10.003037835855,177087.58
31001,10.0021947376374,2308707.48
31005,10.0024907006412,24222.1
31009,10.0006737349938,16043.4
31011,10.0002137969906,1831771.34
31017,10.0000551444192,524604.31
31021,10.0001380963769,1988350.5
31023,10.0004272514151,1894714.38
31025,10.0006022245525,1919836.04
31035,10.0007641271923,2212451.3
31039,10.0000119947925,2445311.17
31053,10.0000699574777,1977592.74
31055,10.0001624101851,352585.03
31059,10.0015555436846,2567611.98
31061,10.0061710506011,1165569.83
31067,10.0024952119405,2590929.57
31071,10.0001954698982,133754.61
31073,10.0076855970843,674070.53
31077,10.0004515816556,784947.740000001
31079,10.0001407563989,1703581.52
31081,10.0003155265841,2225677.44
31089,10.0006570719623,1861419.86
31095,10.0031899256353,1571389.61
31097,10.0021998610816,977538.090000001
31109,10.0012495804641,2098747.92
31113,10.0017302617216,238597.43
31115,10.000981283678,83092.18
31117,10.0004688965302,31606.12
31119,10.0000326916536,2047807.09
31121,10.0002768996428,1368734.16
31125,10.0013625605178,930282.79
31127,10.0013458651918,1335447.57
31129,10.0110701765385,1736167.85
31131,10.000965344124,2205559.6
31137,10.0012037068154,1564878.57
31139,10.0000475218657,1921742.73
31141,10.0002022917518,2738505.13
31143,10.0002709300791,1649757.02
31147,10.0011268403746,1746975.21
31149,10.0006410035086,170419.66
31151,10.0018127964309,1835225.48
31153,10.0002442281909,436895.51
31159,10.000693659191,2076093.59
31169,10.0062416718069,2264783.61836
31171,10,2410.9
31173,10.000085498486,1586856.17
31177,10.0002167131703,1235974.72
31179,10.000013523345,1807984.64
31183,10.0000093983151,399965.31
31185,10.0001074572796,2661055.64
33001,10,394.75
33003,10,2821
33005,10,3299.51672
33007,10,7465.15
33009,10,8942.4
33011,10,1212.55
33013,10,6340.94
33019,10,6504.25275
34027,10.000568115424,5819.24
34037,10,13862.19
35025,10.0107765631142,82454.47
35059,10.0292591799126,114686.55
36001,10.0007787777558,13719.19
36007,10,22956.55
36019,10,98021.88
36025,10,30181.57
36027,10.0001913258631,14331.57
36031,10,8180.4
36035,10,8765.45
36039,10,6482.56
36091,10,26214.91
36093,10,2400
36103,10,1320
36105,10,7173.45
36111,10,4222.65
37005,10,4797.99
37017,10.0000960412461,190454.63
37019,10.0025692686336,34044.63
37021,10,2535.85
37031,10.0040553714513,57545.9
37041,9.98726774141943,78699.03
37043,10,1546.6
37047,10.0010043511171,238662.85
37053,10.0123594083977,136082.63
37055,10.0201580508597,17361.5
37063,10.0296369680106,2141.96
37065,9.99525836429009,204489.56
37087,10,3168.38
37089,10,1177.52
37091,9.99255060773562,109307.4
37095,10.0093488189949,324864.82
37103,10.0101798704383,109949.14
37113,10,554.5
37117,9.97739508711284,83754.01
37119,10.0116395522222,1347.99
37133,10.006767386827,118815.67
37137,10.0098858616723,177430.32
37141,10.0072426815848,147214.59
37143,10.0041828612531,210371.74
37165,10.0103206540138,44987.43
37169,10.0123423349081,8725.14
37173,10,491
37177,10.0116237128205,328203.05
37187,10.0116918147361,462415.88
37189,10,398.24
39001,10.0074230817183,160655.89
39003,10.0033841107432,970087.225
39009,10.0024866660177,17462.9
39011,10.0045183132581,1119741.22
39013,10.0004495475333,2055.4
39015,10.0031806995007,458937.35
39021,10.0012370146358,1427988.44
39023,10.0027031421342,560466.2
39025,10.0016860028979,194626
39027,10.0033802774875,733943
39033,10.0050449464843,767148.99
39037,10.0034225020074,1185390.51
39039,10.0076681333252,704237.990000001
39041,10.0040340550649,492408.4
39047,10.0024428385628,841986.79
39049,10.0052701713222,175235.29
39051,10.00389279807,768826.83
39055,10.0045895782221,23824.15
39057,10.0024258752123,482034.77
39059,10.0018843079167,10970.5
39061,10.0020468004887,18449.38
39063,10.0080492422042,1100913.35
39065,10.0034202866281,1294535.19
39069,10.0086691486666,882777.34
39071,10.006010748682,638182.43
39073,10.0036637947057,26633.37
39079,10.002021951871,24708.6
39085,10.0007046091912,1768.64
39087,10.0037370089187,11396.28
39089,10.0037137051481,491229.79
39091,10.0025191223134,710005.620000001
39094,10.0059620787279,58037.61
39095,10.0061594022345,155400.08
39097,10.0027138926636,937109.280000001
39101,10.0052514789242,717572.26
39107,10.0054428622023,897989.370000001
39109,10.002299538051,671578.45
39113,10.0029885721378,318421.76
39123,10.0077188482747,351492.49
39125,10.012118245606,879023.392949999
39127,10.0029229158639,125553.46
39129,10.0039427188108,1455578.72
39131,10.0014996068205,59514.8000000001
39137,10.0065863976229,1438960.97425
39139,10.0041520994837,258885.56
39141,10.004062064892,631241.60518
39145,10.0011354153626,85471.1
39149,10.0030935971583,1020304.855
39153,10.0063420775226,12891.99
39161,10.0037793497633,1494572.573
39163,10.0006256711257,8930.89
39165,10.0038780638609,233334.27
39171,10.0052163681281,1193597.7
39173,10.0070049281212,1184727.36
39175,10.0052522257616,1127752.17
40009,10.0558566240819,895468.93
40013,10.0328016120547,179611.77
40027,10.0457347693022,10982.40914
40041,10.0331236913383,23425.65
40061,10.0366035785929,11166.4
40079,10.0197614754682,145998.4
40089,10.009548531679,160230.29
40091,10.0309067699793,13873.75
40095,10.0222754790336,9362.6
40097,10.0309702695306,78159.21
40111,10.0330071673812,56946.8800000001
40115,10.0260771741838,119709.98
40125,10.0315077376548,15320.535079
40131,10.037858744545,38009.01
40135,10.0125157228727,117014.24
40143,10.0371924639184,17356.5
40145,10.0251882167319,244564.07
41005,10.0512346166252,4991.59
42003,10,730.05
42035,10.0028361609653,36182.22
42045,10,3625.05
42047,10,2069.05
42069,10,1871.55
42113,10,6363.85
42115,10,9481.18
42123,10.0006462943016,6480.02
42127,10,3237
42131,10.0030342325905,13811.4
44005,10,1741.8
44007,10,484.5
44009,10,1791.76
45003,10.0113006946844,50838.91
45011,9.99688984807331,94135.53
45015,10.0024853942026,20467.9
45033,10.0093934965202,333010.95
45035,9.99680460603216,97930.71
45037,10.0135347854481,7809.3
45043,10.0062679560751,23690.45
45049,9.99957963041734,178929.93
45051,10.0019892145962,184286.1
45053,10.0059679179673,14669.27
45055,10.0154991212856,26060.8
45079,10.0115455639987,73289.88
45089,10.0039607779504,283978.53
46027,10.0003787101364,1626389
47005,10.0020068277725,58288.41
47009,10.0126709078294,17078.65
47011,10.0192235246564,14844
47013,10,635.4
47015,10.0043174012769,43596.6425
47017,10.002956838712,480957.38
47019,10,1240.35
47021,10.0054617840941,12892.93
47023,10.0089655387656,79461.46
47025,10,3640.15
47027,10.0086895146276,11011.34
47029,10.0042617535562,4922.34
47033,10.0079158316145,159972.519991
47035,10.003008883583,9415.12
47037,10.010133236324,2199.1
47039,10.0074952476028,55945.45
47041,10.0090024106615,23084.95
47043,10.003115034124,8951.17
47045,10.0118698901253,1544477.7
47047,10.0050742981725,400463.334555
47049,10.0010349396111,16371.39
47051,10.010827530241,199683.04035
47053,10.0069891333705,1373184.4478
47057,10.0160330488785,2763.18
47059,10.0065602343903,18997.37
47061,10.0091539146113,17304.4
47063,10.0135496386459,6046.7
47065,10.0190182086802,3939.33
47069,10.0106893847121,195911.22
47071,10.0056652822474,276486.56
47073,10.011730826882,1701.21
47075,10.0049522102039,373033.14319
47077,10.006483930429,185537
47081,10.009719639632,28321.05
47083,10.0037920957417,431.16
47085,10.0008807774719,68315.78
47087,10.007267689171,3237.15
47089,10.0122448126031,6025.18
47091,10.0029133399303,3688.55
47095,10.011850348804,503130.76
47097,10.0078142354245,591505.80625
47101,10.0145794883337,3998.7
47103,10.0058158976271,270162.08
47109,10.0043398858659,144836.62
47111,10.0105928913028,22005.72
47113,10.0040403095461,306084.32
47115,10.0096012590314,31452.75
47121,10.017879801128,15416.95
47127,10.0102349278738,5613.425
47129,10.0005791052563,1916.75
47133,10.0014139071329,23109.58
47135,10.011140885216,26484.61
47141,10.0128250182419,4070.31
47143,10.0138223556164,18311.64
47149,10.0136405292064,55906.35
47155,10,715.3
47157,10.0038626904651,251703.03155
47159,10.0072940702867,24095.6
47161,10.0022979663868,18189.3
47163,10,4809.73
47167,10.0032959802001,495734.816348
47179,10.0017155860485,7316.8
47181,10.0123246254495,14837.7572
47183,10.0055588025006,1457998.768455
47187,10.0120617003157,20325.99
47189,10.0195228020146,8696.6
48013,9.96019730940986,24984.11
48015,9.99937632960772,34371.04
48021,10.0060700720833,14896.66
48025,10.0007374466526,352871.22
48027,10.0127799315017,343964.95
48037,10.0236139694744,128332.96
48039,10.0015491403604,75454.88
48041,10.0012136924338,24906.31
48051,10.0038998045367,95250.62
48055,10.0054948455236,29771.21
48057,10.0014950847461,105760.56
48061,10.0000301940011,453537.11
48065,10.0338413169786,1204234.57
48085,10.0308421808983,83392.06
48087,9.99624614342485,254390.22
48089,10.0008657410306,116423.73
48091,10.0082470393665,4141.85
48113,10.0292966699569,19249
48123,10.0032645489223,19669.67
48129,10.0021663822134,45326.72
48131,10.0054081083231,32427.42
48133,10.0166954310556,50942.62
48143,10.0058973951978,16317.17
48145,10.0079677834597,448017.07
48147,10.0364810398079,357269.06
48149,9.99968896299155,17855.11
48157,10.0000959454076,124483.29
48163,9.98020970892623,57314.68
48165,9.98917924444194,389102.33
48175,10.0008642379275,54490.55
48177,10.0013789181478,16599.68
48181,10.0390999294282,157612.53
48187,10.0069794025953,111271.3
48201,9.99843649830392,17351.82
48209,10.0126666760039,13565.69
48215,9.99036362249178,347555.3544
48217,10.0181124393181,406543.91
48219,10.0039644410996,133195.345
48223,10.0427645120252,33014
48231,10.0387346930033,70937.14793
48239,10.0006120719705,517758.72
48249,10.0029530198801,258854.81
48251,10.0327181300697,86823.77
48255,10.0155644444853,76149.65
48257,10.0399895577964,43458.26
48273,10.0007736066399,132787.64
48285,10.0008516214282,14530.4
48287,9.94839976394405,3761.82
48293,10.0159514118231,78143.29
48297,10.0049469131541,71534.67
48303,10.0139117265755,154183.53542
48309,10.0176983844556,458776.62
48321,10.0012448956559,254741.35
48325,10.0108171246677,206329.96
48331,10.010214007255,286736.310006
48335,10.0496996570463,29210.94
48337,10.0566383884821,75000.1
48349,10.0276030210411,166334.71
48355,10.0004332922607,614204.37
48375,10.041201989263,45733.52
48387,10.0423918929853,175253.66
48391,10.0007852921484,111913.763791
48393,10.040554450473,59256.51
48395,10.0092929654421,56611.66
48409,10.0000540657529,609136.0652
48411,10.0373601053729,26056.04
48417,10.0534690180129,83003.23
48445,9.96279845135583,149175.65
48453,10.0084377751508,57547.99
48461,10.048195949864,8070.84
48463,9.97136951432677,332704.15
48469,10.001696075562,123549.92
48473,9.99203166525994,11468.72
48481,10.0005241721654,772339.37
48489,9.99704519005861,483449.03
48491,10.0075745374016,332845.779168
48497,10.0393638813765,25738.91
48501,9.94555354227129,80101.29
48507,10.0188363231526,50049.29
50003,10,5817.97
50005,10,14141.8
50007,10,17790.35
50009,10,7061.05
50011,10,103768.15
50015,10,4008.5
50017,10,14190.1
50019,10,14992.7
50021,10,22219.31
50023,10,8474.85
50025,10,7800.2
50027,10,6382.85
51003,10,7000.11
51005,10,960.15
51009,10.0006807828581,474.16
51021,10.000669793621,3731
51035,10,4382.36
51045,10.0015360892318,3722.44
51063,10.0003207053442,7708.01
51071,10,335.15
51077,10.0001185409233,6625.56
51089,10.0203634161114,990.6
51105,10.0013939508633,1796.62
51121,10.0012661651952,12258.59
51125,10.0003703985793,2494.61
51153,10.0105322751772,11781.5
51157,10.0059443986221,1030.55
51161,10.0031009456785,909.4
51167,10,885.43
51173,10,8221.96
51185,10.0002758805187,1196.17
51187,10,602.7
51550,10.0141554219736,105420.1
53011,10,1749.5
54009,10,1137.3
54029,10,201.5
54035,10.0008442775227,3730.29
54039,10,100.5
54041,10,352.5
54043,10,336
54051,10.0018002483101,1449.8
54061,10,599.15
54063,10.0040494207475,18178.6
54071,10.000280169596,10707.8
54075,10.0013983314808,8186.9
54077,10.0019421824003,12025.75
54079,10,3412.15
54083,10,6268.96
54089,10,2037.05
54091,10,274
54093,10,671.5
54095,10,968
54099,10,378
55041,10,1779.44
55079,10.0033413532528,11513
01007,10.0404250757591,485.09
01023,10,339.48
01025,10.0195571748879,356.8
01027,10,155.03
01065,10.0417790042257,7059.23
01091,10.0383716987993,11220.16
01099,9.91633791156771,13625.34
01119,10.0290327033463,1738.66
01127,10,20.3
05019,10.0158688653174,10964.3
05023,10.0219371110117,245.83
05039,10.0366293108786,646.04
05057,10.0399977574704,7491.54
05059,10.0164184329624,3307.77
05099,10.0186287639683,1406.76
05109,10.0158310718634,1363.42
06013,10.0324727476042,2808.01
06103,10.0280335560927,1406.6
08014,10.0543869768002,840.3434
12029,9.92154772188937,717.7
12073,10,209.3
12075,9.88016786766343,19125.78
12083,9.86122063577166,3842.26
13011,10.0205692294312,459.92
13035,10.0510978401513,301.41
13079,10.043818130035,2457.8
13085,10,435.03
13111,10,270.62
13137,10.0237513721186,145.76
13157,10.0548591319632,2913.01
13197,9.9705030668222,7038.23
13239,9.89148643703762,1885.65
13281,10,19.4
13293,10.0448660790253,881.49
13319,9.99897003734833,1785.89
21013,10,33.4
21019,10,82.82
21025,10,265.75
21051,10,256.75
21063,10,106.4
21115,10,28.9
21121,10,339.5
21127,10,257.4
21129,10,268.1
21153,10,240.63
21173,10.002146179402,1264.2
21175,10,629.42
21189,10,128.3
21235,10,523.57
21237,10,469.81
22007,10.0172112250681,3052.81
22011,10.0028466427846,18443.41
22037,10.0284947448868,1321.57
22091,10,529.3
22105,10.0098924918643,1032.48
24001,10,319.7
25009,10,298.53
25017,10,436
25023,10,423.31
28029,10.0149777588491,1267.92
28037,10,1408.9
28039,9.87380307954823,4922.8
28059,10,66.62
28065,10,3.7
28099,10.0220267927502,951.75
28111,10.0325127574342,1203.22
28113,10,99
28127,10.0160758226581,2367.63
28153,10.0241445321847,626.85
29029,10.0240236394977,406.1
29055,10.0159657660424,1302.8
29059,10.04462564249,700.4
29065,10.0130372492837,418.8
29091,10.0285610024477,890.62
29169,10.0104930074869,424.74
29225,10.0100918245775,2207.47
29229,10.0315389349455,276.23
33015,10,179.4
35019,10.0524338624339,340.2
35049,10.0103153815594,1434.77
35051,10,1000.17
35057,10.0101492163723,15820.65
37009,10,22.19
37149,10.0130805841582,552.59
37175,10,670.03
39121,10,460.8
40023,10.035433930668,4335.37
40049,10.0367992853351,27806.04
40063,10.0116389581366,12940.66
40069,10.025653503111,7608.38
40081,10.0474340066241,15984.18
40085,10.0340342468385,19778.76
40107,10.048519937318,5813.47
40109,10.0560961630949,11274.446415
40121,10.0201381895134,3137.72
40123,10.057416516772,6899.29
40133,10.0451288051699,2598.11
41011,10,100.2
42023,10.0012543974269,198.98
42053,10,681.3
42059,10.0028097926477,1153.11
47093,10.0195072866065,576.4
47175,10.0138877738023,343.77
48023,10.0543812871966,586193.3
48029,10.0089931458762,19798.3
48035,10.0435409119573,21122.92
48047,10.0022119880902,2119.27
48053,10.0345161323649,1935.86
48071,10.0005001938657,43973.75
48075,10.0471696302533,114499.21
48079,10.0021195604317,206117.69
48109,10.0230011061166,4249.1
48115,9.9630785817163,68007.55
48127,10.0027217346412,2905.5
48173,10.0204987647288,51608.1
48225,10.0205968161953,2208.05
48245,10.0006877058273,45769.57
48281,10.0319440900057,8236.81
48283,9.95513300839744,3405.8
48291,10.0024272979008,47116.59
48305,10.0196617995132,94456.99
48319,10.028585735054,11177.75
48367,10.0596427044234,2525.64
48427,10,45198
48477,10.0060995804403,269.33
48483,10.0277960050267,82193.79
51017,10,239.5
51091,10.0074865026995,166.7
51169,10,191.85
54007,10,56.2
54033,10,179.21
54067,10,200.4
54085,10,67.6
54087,10,22.5
54097,10,219.8
54107,10.0095059449715,465.94
05135,10.0259229466554,2362
08041,10.0141457959328,4417.27
13059,10.0519602295692,1855.65
13245,10,140
22019,10.0053036398288,43334.73
22023,10,26979.5
40147,10.0354806077569,34513.8
48003,9.98578457239536,28228.88
48007,10,2907.95
48033,10.0430560041054,15550.11
48077,10.0596842385426,306250.17
48081,10.0409639533016,27080.15
48125,10.0457215663643,67180.03
48155,10.0596904961566,705419.35
48211,10.0510351339453,45000.07
48235,10.0187393623057,1762.6
48263,10.0505705460025,38478.58
48269,10.0478109701465,35603.9
48317,10.0199580250898,33405.67
48327,10.0516805373915,7738.12
48397,10.0400465857697,8092.6
48429,10.0503760458231,37958.14
05007,10.0456753414893,687.43
05025,10.0483226102941,435.2
05061,10.0329769288018,322.48
05125,10.0511738811445,272.6
05131,10.0155350766824,14703.5
13221,10.0568073591861,2677.47
28045,10,63
35007,10.0537406877815,2797.4
35021,10.0404585746366,2538.3
40005,9.95535222756383,1152.38
40019,10.058546196184,7663.62
40067,10.0582015190678,70965.89
40099,10.0530079880278,2552.57
48159,10.0483375616015,2057.58
48167,10,8098.18
48247,10,841.6
48329,10.0538197716564,441.44
48343,10,24.7
48379,10.0563330878462,2702.11
48439,10.0538585221598,1021.22
06007,10.0286331673091,3870.92
22059,10,72.4
06097,10,17421.3
48299,10.0262788306155,1361.4
48363,10.0582057936789,8341.85
06063,10,387.5
06089,10,17.15
22033,10,2.25
29093,10.048473096186,155.74
32011,10,92.5
41023,10,99.7
49017,10,125.3
48221,9.97914171392758,5520.77
28041,9.86,316.05
13217,10.0513191604726,2213.15
22101,10.0094219262038,2068.94
34001,10,181.85
39035,10,311.4
40037,10.0445402401128,3652.45
13151,10,142.06
45077,10,23.75
05049,10.06,1014.5
06061,10.06,1522.85
13013,10.06,97.7
13133,10.06,632.6
22031,10.06,1203.35
29209,10.06,192.75
48425,10.06,383.9
48431,10.06,11340.65
05009,10.06,756.37
05027,10.06,201.6
05087,10.06,478.6
05101,10.06,39.9
05103,10.06,436.52
05137,10.06,516.1
06069,10.06,68.2
06115,10.06,276.96
08031,10.06,6903.75
08035,10.06,210.1
08113,10.06,563
13021,10.06,468.82
13199,10.06,457.87
13237,10.06,242
13263,10.06,49.47
22005,10.06,386.9
22057,10.06,271.6
22109,10.06,199.9
26143,10.06,21.6
28069,10.06,63.6
28109,10.06,197.45
29119,10.06,153.67
29149,10.06,385.47
32005,10.06,71.9
40001,10.06,223.7
40029,10.06,229.79
45039,10.06,209.27
45087,10.06,196.01
48435,10.06,1105.8
48499,10.06,262.83
